{"cameraMode":{"drawMode":0,"name":"Shaded","section":"Shading Mode"},"sceneLighting":true,"audioPlay":false,"sceneViewState":{"showFog":true,"showMaterialUpdate":true,"showSkybox":true,"showFlares":true,"showImageEffects":true,"showParticleSystems":true},"in2DMode":false,"pivot":{"x":-94.66625213623047,"y":53.416255950927737,"z":38.322025299072269},"rotation":{"x":-0.07579714804887772,"y":-0.027271443977952005,"z":0.0020767338573932649,"w":-0.9967480897903442},"size":116.86076354980469,"orthographic":true}